{"cameraMode":{"drawMode":0,"name":"Shaded","section":"Shading Mode"},"sceneLighting":true,"audioPlay":false,"sceneViewState":{"m_AlwaysRefresh":false,"showFog":true,"showSkybox":true,"showFlares":true,"showImageEffects":true,"showParticleSystems":true,"showVisualEffectGraphs":true,"m_FxEnabled":true},"in2DMode":false,"pivot":{"x":0.7229629755020142,"y":0.12389087677001953,"z":1.4633415937423707},"rotation":{"x":-0.17913396656513215,"y":0.39374616742134097,"z":-0.07846078276634217,"w":-0.8982939124107361},"size":6.125730991363525,"orthographic":false}