{"cameraMode":{"drawMode":0,"name":"Shaded","section":"Shading Mode"},"sceneLighting":true,"audioPlay":false,"sceneViewState":{"m_AlwaysRefresh":false,"showFog":true,"showSkybox":true,"showFlares":true,"showImageEffects":true,"showParticleSystems":true,"showVisualEffectGraphs":true,"m_FxEnabled":true},"in2DMode":false,"pivot":{"x":2.5064074993133547,"y":2.7913169860839845,"z":0.2849996089935303},"rotation":{"x":0.049510497599840167,"y":-0.10586021840572357,"z":0.0052683656103909019,"w":0.993148684501648},"size":3.6073946952819826,"orthographic":false}